9,1,David Mitchell,Mark Corrigan
9,1,Robert Webb,Jeremy Usborne
9,1,Franc Ashman,Molly
9,1,Paterson Joseph,Alan Johnson
9,1,Tim Key,Jerry
9,1,Matt King,Super Hans
9,1,Cariad Lloyd,Megan
9,1,Lasco Atkins,Guest
9,2,David Mitchell,Mark Corrigan
9,2,Robert Webb,Jeremy Usborne
9,2,Franc Ashman,Molly
9,2,Steve Bennett,Frank
9,2,Bart Edwards,Joe
9,2,Jonathan Harden,Gregory
9,2,Simon Harvey,Will
9,2,Matt King,Super Hans
9,2,Cariad Lloyd,Megan
9,2,Isy Suttie,Dobby
9,3,David Mitchell,Mark Corrigan
9,3,Robert Webb,Jeremy Usborne
9,3,Bart Edwards,Joe
9,3,Cariad Lloyd,Megan
9,3,Catherine Shepherd,April Danecroft
9,3,Angus Wright,Angus Maynard
9,4,David Mitchell,Mark Corrigan
9,4,Robert Webb,Jeremy Usborne
9,4,Bart Edwards,Joe
9,4,Paterson Joseph,Alan Johnson
9,4,Tim Key,Jerry
9,4,Matt King,Super Hans
9,4,Cariad Lloyd,Megan
9,4,Simon Meacock,Wadey
9,4,Max Olesker,Aaron
9,4,Catherine Shepherd,April Danecroft
9,4,Angus Wright,Angus Maynard
9,4,Samantha Pearl,Receptionist
9,5,David Mitchell,Mark Corrigan
9,5,Robert Webb,Jeremy Usborne
9,5,Olivia Colman,Sophie Chapman
9,5,Matt King,Super Hans
9,5,Catherine Shepherd,April Danecroft
9,6,David Mitchell,Mark Corrigan
9,6,Robert Webb,Jeremy Usborne
9,6,Bart Edwards,Joe
9,6,Neil Fitzmaurice,Jeff Heaney
9,6,Paterson Joseph,Alan Johnson
9,6,Tim Key,Jerry
9,6,Matt King,Super Hans
9,6,Cariad Lloyd,Megan
9,6,Conor MacNeill,Clerk
9,6,Kitty Martin,Baker
9,6,Catherine Shepherd,April Danecroft
9,6,Angus Wright,Angus Maynard
9,6,Franc Ashman,Molly
1,1,David Mitchell,Mark Corrigan
1,1,Robert Webb,Jeremy Usborne
1,1,Olivia Colman,Sophie Chapman
1,1,Robert Harley,Barry
1,1,Matt King,Super Hans
1,1,Elizabeth Marmur,Toni
1,1,Sonny Muslim,Clean Shirt Boy
1,1,Carolyn Pertwee,Davina
1,1,Dolly Wells,Paula
1,1,Jesse Armstrong,Man on Bus with Young Boy
1,1,Philip Clarke,Man outside Off-Licence
1,2,David Mitchell,Mark Corrigan
1,2,Robert Webb,Jeremy Usborne
1,2,Olivia Colman,Sophie Chapman
1,2,Neil Fitzmaurice,Jeff Heaney
1,2,Nat Jenkins,Lift Guy
1,2,Matt King,Super Hans
1,2,Elizabeth Marmur,Toni
1,2,Sandy Walsh,Barbara Bingham
1,3,David Mitchell,Mark Corrigan
1,3,Robert Webb,Jeremy Usborne
1,3,Keir Charles,Valerie's Brother
1,3,Olivia Colman,Sophie Chapman
1,3,Neil Fitzmaurice,Jeff Heaney
1,3,Philip Herbert,Lazerbowl Manager
1,3,John Hodgkinson,Tony
1,3,Elizabeth Marmur,Toni
1,3,Kyl Messios,Valerie's Brother's Friend
1,3,Flora Newbigin,Valerie
1,4,David Mitchell,Mark Corrigan
1,4,Robert Webb,Jeremy Usborne
1,4,Olivia Colman,Sophie Chapman
1,4,Neil Fitzmaurice,Jeff Heaney
1,4,Paterson Joseph,Alan Johnson
1,4,Matt King,Super Hans
1,5,David Mitchell,Mark Corrigan
1,5,Robert Webb,Jeremy Usborne
1,5,Olivia Colman,Sophie Chapman
1,5,Justin Edwards,Alan
1,5,Neil Fitzmaurice,Jeff Heaney
1,5,Matt King,Super Hans
1,5,Elizabeth Marmur,Toni
1,5,Tim Preece,Mr. Klugman
1,5,Sandy Walsh,Barbara Bingham
1,5,Michael Wildman,Band Member
1,6,David Mitchell,Mark Corrigan
1,6,Robert Webb,Jeremy Usborne
1,6,Alice Arnold,Liz Usborne
1,6,Olivia Colman,Sophie Chapman
1,6,Patrick Driver,Ray Usborne
1,6,Neil Edmond,Paramedic
1,6,Daisy Haggard,Practice Nurse
1,6,Alexander Kirk,Keith
1,6,Elizabeth Marmur,Toni
2,1,David Mitchell,Mark Corrigan
2,1,Robert Webb,Jeremy Usborne
2,1,Rachel Blanchard,Nancy
2,1,Olivia Colman,Sophie Chapman
2,1,Neil Fitzmaurice,Jeff Heaney
2,1,John Hodgkinson,Tony
2,1,Paterson Joseph,Alan Johnson
2,1,Elizabeth Marmur,Toni
2,1,David Armand,Rejected Dancer
2,1,Stephen Beresford,Dancer
2,1,Cathryn Bradshaw,Dance Class Leader
2,1,Alan Westaway,Gwyn
2,1,Jill Goldston,Dancer
2,2,David Mitchell,Mark Corrigan
2,2,Robert Webb,Jeremy Usborne
2,2,Rachel Blanchard,Nancy
2,2,Olivia Colman,Sophie Chapman
2,2,Neil Fitzmaurice,Jeff Heaney
2,2,John Hodgkinson,Tony
2,2,Paterson Joseph,Alan Johnson
2,2,Matt King,Super Hans
2,2,Elizabeth Marmur,Toni
2,2,Ashley Barker,WWII Re-Enactment Officer
2,2,Steve Edge,Darryl
2,2,Adam G. Goodwin,Studio Technician
2,2,Gareth Tunley,Gog
2,2,Jesse Armstrong,Man in Gog's film
2,3,David Mitchell,Mark Corrigan
2,3,Robert Webb,Jeremy Usborne
2,3,Rachel Blanchard,Nancy
2,3,Olivia Colman,Sophie Chapman
2,3,Neil Fitzmaurice,Jeff Heaney
2,3,Paterson Joseph,Alan Johnson
2,3,Terry Bird,Terry
2,3,James Holmes,Vegetarian Homeless Man
2,3,Trevor Laird,Laurie
2,3,Tadeusz Pasternak,Nim
2,3,John Warman,Alcoholic
2,4,David Mitchell,Mark Corrigan
2,4,Robert Webb,Jeremy Usborne
2,4,Rachel Blanchard,Nancy
2,4,Matt King,Super Hans
2,4,Matt Blaize,Band Fan's Friend
2,4,Peter Capaldi,Professor Alistair MacLeish
2,4,Alexia Traverse-Healy,Band Fan
2,4,Harmage Singh Kalirai,Mr. Rashid
2,4,Logan Murray,Shoe Shop Manager
2,4,Catherine Shepherd,April Danecroft
2,4,Tony Wadham,Pete Preston
2,5,David Mitchell,Mark Corrigan
2,5,Robert Webb,Jeremy Usborne
2,5,Olivia Colman,Sophie Chapman
2,5,Neil Fitzmaurice,Jeff Heaney
2,5,Angus Little,Bungee Jump Instructor
2,5,Jordan Long,Zack
2,6,David Mitchell,Mark Corrigan
2,6,Robert Webb,Jeremy Usborne
2,6,Rachel Blanchard,Nancy
2,6,Olivia Colman,Sophie Chapman
2,6,Neil Fitzmaurice,Jeff Heaney
2,6,John Hodgkinson,Tony
2,6,Matt King,Super Hans
2,6,Elizabeth Marmur,Toni
2,6,Sarah Hadland,Karen
2,6,Jenny Howe,Registrar
2,6,Eddie Hutton-Mills,Wedding Reception DJ
2,6,Tim Steed,Sam
2,6,Jessica Goodman,Nurse behind desk at hospital
3,1,David Mitchell,Mark Corrigan
3,1,Robert Webb,Jeremy Usborne
3,1,Olivia Colman,Sophie Chapman
3,1,Sophie Winkleman,Big Suze
3,1,Josef Altin,Mugger #1
3,1,Shelley Blond,Michelle
3,1,Rosie Cavaliero,Vicky
3,1,Lee Long,Kid at Chicken Corner's Mate
3,1,Mark Wakeling,Stu
3,1,Jack Warren,Kid at Chicken Corner
3,1,Morgan Watkins,Mugger #2
3,2,David Mitchell,Mark Corrigan
3,2,Robert Webb,Jeremy Usborne
3,2,Olivia Colman,Sophie Chapman
3,2,Matt King,Super Hans
3,2,Surinder Duhra,Psychiatrist
3,2,Meredith MacNeill,Merry
3,3,David Mitchell,Mark Corrigan
3,3,Robert Webb,Jeremy Usborne
3,3,Neil Fitzmaurice,Jeff Heaney
3,3,Paterson Joseph,Alan Johnson
3,3,Matt King,Super Hans
3,3,Sophie Winkleman,Big Suze
3,3,Jessica Claire,Hans' Girlfriend
3,3,Liam Noble,Andy
3,4,David Mitchell,Mark Corrigan
3,4,Robert Webb,Jeremy Usborne
3,4,Sophie Winkleman,Big Suze
3,4,Eliza L. Bennett,Sarah Corrigan
3,5,David Mitchell,Mark Corrigan
3,5,Robert Webb,Jeremy Usborne
3,5,Olivia Colman,Sophie Chapman
3,5,Neil Fitzmaurice,Jeff Heaney
3,5,Paterson Joseph,Alan Johnson
3,5,Brodie Bass,Jude
3,5,Kevin Bishop,Ollie
3,5,Tim Faraday,Bouncer
3,5,Kevin Heaney,Male Juror
3,5,Simon Lowe,Dom
3,5,Alex Macqueen,Jury Foreman
3,5,Wendy Meredith,Female Juror
3,5,Tracy Whitwell,Carla
3,5,Georgia Zaris,Laura
3,6,David Mitchell,Mark Corrigan
3,6,Robert Webb,Jeremy Usborne
3,6,Olivia Colman,Sophie Chapman
3,6,Matt King,Super Hans
3,6,Sophie Winkleman,Big Suze
3,6,Eryl Maynard,Isobel
3,6,Geoffrey McGivern,Gerard
4,1,David Mitchell,Mark Corrigan
4,1,Robert Webb,Jeremy Usborne
4,1,Olivia Colman,Sophie Chapman
4,1,Matt King,Super Hans
4,1,Cheryl Campbell,Penny Chapman
4,1,Paul Clayton,Ian Chapman
4,1,Joe Van Moyland,Jamie Chapman
4,2,David Mitchell,Mark Corrigan
4,2,Robert Webb,Jeremy Usborne
4,2,Olivia Colman,Sophie Chapman
4,2,Neil Fitzmaurice,Jeff Heaney
4,2,Paterson Joseph,Alan Johnson
4,2,Sophie Winkleman,Big Suze
4,2,Nigel Boyle,JLB Worker
4,2,Ellie Chidzey,Lap Dancer
4,2,Jim Howick,Gerard Matthew
4,2,Endy McKay,Lisa
4,2,Finn Sivertsen,JLB Executive
4,3,David Mitchell,Mark Corrigan
4,3,Robert Webb,Jeremy Usborne
4,3,Rachel Blanchard,Nancy
4,3,Olivia Colman,Sophie Chapman
4,3,James Carlton,Matt Townsend
4,3,Agnieszka Liggett,Eva
4,3,Stuart McQuarrie,Gym Manager
4,3,Rishi Doshi,
4,4,David Mitchell,Mark Corrigan
4,4,Robert Webb,Jeremy Usborne
4,4,Rachel Blanchard,Nancy
4,4,Olivia Colman,Sophie Chapman
4,4,Matt King,Super Hans
4,4,Liz May Brice,Sally Slater
4,4,Francis Magee,Russell Orgazoid
4,4,Jay Simpson,Foz
4,4,Drew P.,School Friend
4,5,David Mitchell,Mark Corrigan
4,5,Robert Webb,Jeremy Usborne
4,5,Olivia Colman,Sophie Chapman
4,5,Dorothy Atkinson,Therapist
4,5,Katy Brand,Lucy
4,5,Cara Horgan,Aurora
4,5,Tom Knight,Malcolm
4,6,David Mitchell,Mark Corrigan
4,6,Robert Webb,Jeremy Usborne
4,6,Rachel Blanchard,Nancy
4,6,Olivia Colman,Sophie Chapman
4,6,Matt King,Super Hans
4,6,Cheryl Campbell,Penny Chapman
4,6,Paul Clayton,Ian Chapman
4,6,Philip Harvey,Vicar
4,6,Colin Mace,Motorist
4,6,Joe Van Moyland,Jamie Chapman
4,6,Leanne Wilson,Cafe Girl
4,6,Steve Munroe,Church Warden
5,1,David Mitchell,Mark Corrigan
5,1,Robert Webb,Jeremy Usborne
5,1,Jack Bence,Burglar
5,1,Pethrow Gooden,Actor in Play
5,1,Sonny Muslim,Clean Shirt Boy
5,1,Jessica Regan,Actress in Play
5,1,Dolly Wells,Paula
5,1,Sophie Winkleman,Big Suze
5,1,Susannah Wise,Heather
5,2,David Mitchell,Mark Corrigan
5,2,Robert Webb,Jeremy Usborne
5,2,Olivia Colman,Sophie Chapman
5,2,Matt King,Super Hans
5,2,Paul Clayton,Ian Chapman
5,2,Neil Fitzmaurice,Jeff Heaney
5,2,Zac Fox,Barney Chapman
5,2,Paterson Joseph,Alan Johnson
5,2,Endy McKay,Lisa
5,2,Isy Suttie,Dobby
5,2,Emily Jardine,Woman at Gig
5,3,David Mitchell,Mark Corrigan
5,3,Robert Webb,Jeremy Usborne
5,3,Olivia Colman,Sophie Chapman
5,3,Natasha Beaumont,Saz
5,3,Margaret Cabourn-Smith,Speed Dating Coordinator
5,3,Neil Fitzmaurice,Jeff Heaney
5,3,Jim Howick,Gerard Matthew
5,3,Paterson Joseph,Alan Johnson
5,3,Sarah Niles,Cashier
5,3,Scarlett Sabet,Fertility Clinic Nurse
5,3,Sari Sheehan,Lindsey
5,3,Isy Suttie,Dobby
5,3,Sophie Winkleman,Big Suze
5,4,David Mitchell,Mark Corrigan
5,4,Robert Webb,Jeremy Usborne
5,4,Matt King,Super Hans
5,4,Tom Chadbon,Martin
5,4,Ingrid Oliver,Natalie
5,4,Tessa Wyatt,Jackie Usborne
5,5,David Mitchell,Mark Corrigan
5,5,Robert Webb,Jeremy Usborne
5,5,Matt King,Super Hans
5,5,Phil Gilbert,Ronnie
5,5,Niky Wardley,Cally
5,5,Eve Webster,Tara
5,5,Daniel D. Moses,Walking Man
5,5,Alex Prentice,Super Hans & Jeremy's Bandmate
5,5,Kirsty Seager,Festival Atendee
5,5,Chris Wilson,Security Guard
5,6,David Mitchell,Mark Corrigan
5,6,Robert Webb,Jeremy Usborne
5,6,Olivia Colman,Sophie Chapman
5,6,Matt King,Super Hans
5,6,James Bachman,Role-playing Guy
5,6,Jim Howick,Gerard Matthew
5,6,Paterson Joseph,Alan Johnson
5,6,Alex Lowe,Edwin Pascoe
5,6,Isy Suttie,Dobby
6,1,David Mitchell,Mark Corrigan
6,1,Robert Webb,Jeremy Usborne
6,1,Olivia Colman,Sophie Chapman
6,1,Vera Graziadei,Elena
6,1,Neil Fitzmaurice,Jeff Heaney
6,1,Jim Howick,Gerard Matthew
6,1,Paterson Joseph,Alan Johnson
6,1,Matt King,Super Hans
6,1,Endy McKay,Lisa
6,1,Isy Suttie,Dobby
6,1,Robert Cambrinus,Steffan Strauss
6,1,Douglas McFerran,Security Guard
6,2,David Mitchell,Mark Corrigan
6,2,Robert Webb,Jeremy Usborne
6,2,Olivia Colman,Sophie Chapman
6,2,Vera Graziadei,Elena
6,2,Isy Suttie,Dobby
6,2,Max Brown,Drugs Customer
6,2,Stevee Davies,Drugs Customer
6,3,David Mitchell,Mark Corrigan
6,3,Robert Webb,Jeremy Usborne
6,3,Olivia Colman,Sophie Chapman
6,3,Vera Graziadei,Elena
6,3,Isy Suttie,Dobby
6,3,Penelope Beaumont,Jan
6,3,Justin Brett,Michael
6,3,Rufus Jones,Peter
6,3,Robert Popper,Annoying Man
6,4,David Mitchell,Mark Corrigan
6,4,Robert Webb,Jeremy Usborne
6,4,Emily Bruni,Gail Huggins
6,4,Vera Graziadei,Elena
6,4,Paterson Joseph,Alan Johnson
6,4,Sophie Winkleman,Big Suze
6,4,Philip Brook,Father
6,4,Jasper Jacob,Colin
6,5,David Mitchell,Mark Corrigan
6,5,Robert Webb,Jeremy Usborne
6,5,Eliza L. Bennett,Sarah Corrigan
6,5,Emily Bruni,Gail Huggins
6,5,Paul Clayton,Ian Chapman
6,5,Olivia Colman,Sophie Chapman
6,5,Vera Graziadei,Elena
6,5,Neil Fitzmaurice,Jeff Heaney
6,5,Jim Howick,Gerard Matthew
6,5,Matt King,Super Hans
6,5,Endy McKay,Lisa
6,5,Isy Suttie,Dobby
6,5,Sophie Winkleman,Big Suze
6,5,Marcus Garvey,Party Crasher
6,5,Tony Wadham,Pete Preston
6,5,Anthony Berlingeri,Jacked Jim
6,6,David Mitchell,Mark Corrigan
6,6,Robert Webb,Jeremy Usborne
6,6,Emily Bruni,Gail Huggins
6,6,Olivia Colman,Sophie Chapman
6,6,Vera Graziadei,Elena
6,6,Neil Fitzmaurice,Jeff Heaney
6,6,Matt King,Super Hans
6,6,Will Beer,Driving Instructor
6,6,Mark Kempner,Driving Test Examiner
6,6,Jim Howick,Gerard Matthew
6,6,Endy McKay,Lisa
7,1,David Mitchell,Mark Corrigan
7,1,Robert Webb,Jeremy Usborne
7,1,Danny Babington,Ben
7,1,Camilla Beeput,Zahra
7,1,Olivia Colman,Sophie Chapman
7,1,Matt King,Super Hans
7,1,Yasmine Akram,Yana
7,1,Michele Austin,Midwife
7,1,Lorraine Brunning,Receptionist Nurse
7,1,Dylan Edwards,Video Arcade Oddball
7,1,Ashley George,Fast Food Server
7,1,Daniel Ings,Doctor
7,1,Frog Stone,Maternity Theatre Nurse
7,2,David Mitchell,Mark Corrigan
7,2,Robert Webb,Jeremy Usborne
7,2,Danny Babington,Ben
7,2,Camilla Beeput,Zahra
7,2,Jim Howick,Gerard Matthew
7,2,Matt King,Super Hans
7,2,Isy Suttie,Dobby
7,2,Mathew Baynton,Simon
7,2,David Fynn,Games Shop Assistant
7,3,David Mitchell,Mark Corrigan
7,3,Robert Webb,Jeremy Usborne
7,3,Danny Babington,Ben
7,3,Camilla Beeput,Zahra
7,3,Emily Bruni,Gail Huggins
7,3,Matt King,Super Hans
7,3,Isy Suttie,Dobby
7,3,Jamie Deeks,Taxi Driver
7,3,Jack Doolan,Door-to-door Seller
7,4,David Mitchell,Mark Corrigan
7,4,Robert Webb,Jeremy Usborne
7,4,Danny Babington,Ben
7,4,Camilla Beeput,Zahra
7,4,Paul Clayton,Ian Chapman
7,4,Olivia Colman,Sophie Chapman
7,4,Neil Fitzmaurice,Jeff Heaney
7,5,David Mitchell,Mark Corrigan
7,5,Robert Webb,Jeremy Usborne
7,5,Eliza L. Bennett,Sarah Corrigan
7,5,Matt King,Super Hans
7,5,Isy Suttie,Dobby
7,5,Lynn Farleigh,Pam Corrigan
7,5,Clive Merrison,Dan Corrigan
7,6,David Mitchell,Mark Corrigan
7,6,Robert Webb,Jeremy Usborne
7,6,Camilla Beeput,Zahra
7,6,Olivia Colman,Sophie Chapman
7,6,Neil Fitzmaurice,Jeff Heaney
7,6,Jim Howick,Gerard Matthew
7,6,Paterson Joseph,Alan Johnson
7,6,Matt King,Super Hans
7,6,Isy Suttie,Dobby
7,6,Sophie Winkleman,Big Suze
7,6,Jake Harders,Suze's Party Guest
7,6,Kanako Nakano,Yoko
7,6,Richard Sandling,Raymond
7,6,Kanako Nakano,Yoko
7,6,Rudy Valentino Grant,Off Licence owner
7,6,Aatif Nawaz,Elvis
8,1,David Mitchell,Mark Corrigan
8,1,Robert Webb,Jeremy Usborne
8,1,Neil Fitzmaurice,Jeff Heaney
8,1,Jim Howick,Gerard Matthew
8,1,Paterson Joseph,Alan Johnson
8,1,Matt King,Super Hans
8,1,Isy Suttie,Dobby
8,1,India Fisher,Katie Matthew
8,1,Matt Garrill,Hugh
8,1,Jo Halpin,Receptionist
8,1,Graham Padden,Dr. Bendix
8,1,Dan Tetsell,Robert Grayson
8,1,Joanna Jeffrees,Female Job Candidate
8,1,Chris Wilson,Funeral Guest
8,2,David Mitchell,Mark Corrigan
8,2,Robert Webb,Jeremy Usborne
8,2,Matt King,Super Hans
8,2,Isy Suttie,Dobby
8,2,Mathew Baynton,Simon
8,2,Nadia Cameron-Blakey,Celia
8,2,Charlie Covell,Trish
8,2,Tim Downie,Greg
8,2,Patrick Kennedy,Neil
8,2,Rakhee Thakrar,Waitress
8,2,Paul Warren,Supply Teacher
8,3,David Mitchell,Mark Corrigan
8,3,Robert Webb,Jeremy Usborne
8,3,Matt King,Super Hans
8,3,Isy Suttie,Dobby
8,3,Mathew Baynton,Simon
8,3,Adam Byron,Charlie
8,3,Naomi Cooper-Davis,Deena
8,3,Charlie Covell,Trish
8,3,Bradley Hall,Local Youth
8,3,Patrick Kennedy,Neil
8,4,David Mitchell,Mark Corrigan
8,4,Robert Webb,Jeremy Usborne
8,4,Matt King,Super Hans
8,4,Isy Suttie,Dobby
8,4,Karen Ascoe,Young Mum
8,4,Josephine Butler,Stephanie
8,4,Rob Carter,MBA Tutor
8,4,Liam Noble,Andy
8,4,Sandra Reid,Sara
8,4,Dan Tetsell,Robert Grayson
8,4,Tom Basden,Customer
8,5,David Mitchell,Mark Corrigan
8,5,Robert Webb,Jeremy Usborne
8,5,Matt King,Super Hans
8,5,Isy Suttie,Dobby
8,5,Eliza L. Bennett,Sarah Corrigan
8,5,Jonathan Aris,Ben Prenderghast
8,5,Jiggy Bhore,Mo Gatland
8,5,Emily Bruni,Gail Huggins
8,5,David Evans,Joshy Corrigan
8,5,Huw Higginson,Dave Franks
8,5,Liam Noble,Andy
8,5,George Potts,Alan McGurnagee
8,5,Dan Tetsell,Robert Grayson
8,6,David Mitchell,Mark Corrigan
8,6,Robert Webb,Jeremy Usborne
8,6,Matt King,Super Hans
8,6,Isy Suttie,Dobby
8,6,Mathew Baynton,Simon
8,6,Charlie Covell,Trish
8,6,Patrick Kennedy,Neil
8,6,Cally Lawrence,Ticket Inspector
8,6,Laura Jean Marsh,Alice
8,6,Craig Izzard,Five-a-side player
